class;order;list;iucn_category;exp;obt
Insecta;Archaeognata;ICMBIO;DD;5;0
Insecta;Archaeognata;ICMBIO;LC;18;0
Insecta;Archaeognata;ICMBIO;NT;0;0
Insecta;Archaeognata;ICMBIO;VU;1;0
Insecta;Archaeognata;ICMBIO;EN;1;0
Insecta;Archaeognata;ICMBIO;CR;0;0
Insecta;Archaeognata;IUCN;DD;7;0
Insecta;Archaeognata;IUCN;LC;17;0
Insecta;Archaeognata;IUCN;NT;0;0
Insecta;Archaeognata;IUCN;VU;1;0
Insecta;Archaeognata;IUCN;EN;0;0
Insecta;Archaeognata;IUCN;CR;0;0
Insecta;Archaeognata;MMA;DD;2;0
Insecta;Archaeognata;MMA;LC;21;0
Insecta;Archaeognata;MMA;NT;0;0
Insecta;Archaeognata;MMA;VU;0;0
Insecta;Archaeognata;MMA;EN;1;0
Insecta;Archaeognata;MMA;CR;0;0
Insecta;Blattaria;ICMBIO;DD;216;0
Insecta;Blattaria;ICMBIO;LC;805;0
Insecta;Blattaria;ICMBIO;NT;11;0
Insecta;Blattaria;ICMBIO;VU;32;0
Insecta;Blattaria;ICMBIO;EN;29;0
Insecta;Blattaria;ICMBIO;CR;22;0
Insecta;Blattaria;IUCN;DD;300;1
Insecta;Blattaria;IUCN;LC;740;3
Insecta;Blattaria;IUCN;NT;12;1
Insecta;Blattaria;IUCN;VU;27;0
Insecta;Blattaria;IUCN;EN;20;0
Insecta;Blattaria;IUCN;CR;18;0
Insecta;Blattaria;MMA;DD;94;0
Insecta;Blattaria;MMA;LC;947;0
Insecta;Blattaria;MMA;NT;18;0
Insecta;Blattaria;MMA;VU;21;0
Insecta;Blattaria;MMA;EN;24;1
Insecta;Blattaria;MMA;CR;16;0
Insecta;Coleoptera;ICMBIO;DD;6895;67
Insecta;Coleoptera;ICMBIO;LC;25744;63
Insecta;Coleoptera;ICMBIO;NT;356;3
Insecta;Coleoptera;ICMBIO;VU;1012;14
Insecta;Coleoptera;ICMBIO;EN;918;8
Insecta;Coleoptera;ICMBIO;CR;712;7
Insecta;Coleoptera;IUCN;DD;9581;49
Insecta;Coleoptera;IUCN;LC;23667;80
Insecta;Coleoptera;IUCN;NT;393;3
Insecta;Coleoptera;IUCN;VU;858;5
Insecta;Coleoptera;IUCN;EN;644;2
Insecta;Coleoptera;IUCN;CR;572;0
Insecta;Coleoptera;MMA;DD;2996;48
Insecta;Coleoptera;MMA;LC;30273;91
Insecta;Coleoptera;MMA;NT;567;14
Insecta;Coleoptera;MMA;VU;660;12
Insecta;Coleoptera;MMA;EN;752;12
Insecta;Coleoptera;MMA;CR;501;7
Insecta;Dermaptera;ICMBIO;DD;23;0
Insecta;Dermaptera;ICMBIO;LC;85;0
Insecta;Dermaptera;ICMBIO;NT;1;0
Insecta;Dermaptera;ICMBIO;VU;3;0
Insecta;Dermaptera;ICMBIO;EN;3;0
Insecta;Dermaptera;ICMBIO;CR;2;0
Insecta;Dermaptera;IUCN;DD;32;0
Insecta;Dermaptera;IUCN;LC;78;0
Insecta;Dermaptera;IUCN;NT;1;0
Insecta;Dermaptera;IUCN;VU;3;0
Insecta;Dermaptera;IUCN;EN;2;0
Insecta;Dermaptera;IUCN;CR;2;0
Insecta;Dermaptera;MMA;DD;10;0
Insecta;Dermaptera;MMA;LC;100;0
Insecta;Dermaptera;MMA;NT;2;0
Insecta;Dermaptera;MMA;VU;2;0
Insecta;Dermaptera;MMA;EN;2;0
Insecta;Dermaptera;MMA;CR;2;0
Insecta;Diplura;ICMBIO;DD;7;0
Insecta;Diplura;ICMBIO;LC;27;0
Insecta;Diplura;ICMBIO;NT;0;0
Insecta;Diplura;ICMBIO;VU;1;0
Insecta;Diplura;ICMBIO;EN;1;0
Insecta;Diplura;ICMBIO;CR;1;0
Insecta;Diplura;IUCN;DD;10;0
Insecta;Diplura;IUCN;LC;24;0
Insecta;Diplura;IUCN;NT;0;0
Insecta;Diplura;IUCN;VU;1;0
Insecta;Diplura;IUCN;EN;1;0
Insecta;Diplura;IUCN;CR;1;0
Insecta;Diplura;MMA;DD;3;0
Insecta;Diplura;MMA;LC;31;0
Insecta;Diplura;MMA;NT;1;0
Insecta;Diplura;MMA;VU;1;0
Insecta;Diplura;MMA;EN;1;0
Insecta;Diplura;MMA;CR;1;0
Insecta;Diptera;ICMBIO;DD;2268;0
Insecta;Diptera;ICMBIO;LC;8468;0
Insecta;Diptera;ICMBIO;NT;117;0
Insecta;Diptera;ICMBIO;VU;333;0
Insecta;Diptera;ICMBIO;EN;302;0
Insecta;Diptera;ICMBIO;CR;234;0
Insecta;Diptera;IUCN;DD;3151;0
Insecta;Diptera;IUCN;LC;7784;0
Insecta;Diptera;IUCN;NT;129;0
Insecta;Diptera;IUCN;VU;282;0
Insecta;Diptera;IUCN;EN;212;0
Insecta;Diptera;IUCN;CR;188;0
Insecta;Diptera;MMA;DD;985;0
Insecta;Diptera;MMA;LC;9958;0
Insecta;Diptera;MMA;NT;187;0
Insecta;Diptera;MMA;VU;217;0
Insecta;Diptera;MMA;EN;247;0
Insecta;Diptera;MMA;CR;165;0
Insecta;Embioptera;ICMBIO;DD;11;0
Insecta;Embioptera;ICMBIO;LC;41;0
Insecta;Embioptera;ICMBIO;NT;1;0
Insecta;Embioptera;ICMBIO;VU;2;0
Insecta;Embioptera;ICMBIO;EN;1;0
Insecta;Embioptera;ICMBIO;CR;1;0
Insecta;Embioptera;IUCN;DD;15;0
Insecta;Embioptera;IUCN;LC;38;0
Insecta;Embioptera;IUCN;NT;1;0
Insecta;Embioptera;IUCN;VU;1;0
Insecta;Embioptera;IUCN;EN;1;0
Insecta;Embioptera;IUCN;CR;1;0
Insecta;Embioptera;MMA;DD;5;0
Insecta;Embioptera;MMA;LC;48;0
Insecta;Embioptera;MMA;NT;1;0
Insecta;Embioptera;MMA;VU;1;0
Insecta;Embioptera;MMA;EN;1;0
Insecta;Embioptera;MMA;CR;1;0
Insecta;Ephemeroptera;ICMBIO;DD;83;12
Insecta;Ephemeroptera;ICMBIO;LC;311;45
Insecta;Ephemeroptera;ICMBIO;NT;4;2
Insecta;Ephemeroptera;ICMBIO;VU;12;7
Insecta;Ephemeroptera;ICMBIO;EN;11;2
Insecta;Ephemeroptera;ICMBIO;CR;9;0
Insecta;Ephemeroptera;IUCN;DD;116;0
Insecta;Ephemeroptera;IUCN;LC;286;0
Insecta;Ephemeroptera;IUCN;NT;5;0
Insecta;Ephemeroptera;IUCN;VU;10;0
Insecta;Ephemeroptera;IUCN;EN;8;0
Insecta;Ephemeroptera;IUCN;CR;7;0
Insecta;Ephemeroptera;MMA;DD;36;21
Insecta;Ephemeroptera;MMA;LC;366;367
Insecta;Ephemeroptera;MMA;NT;7;0
Insecta;Ephemeroptera;MMA;VU;8;6
Insecta;Ephemeroptera;MMA;EN;9;1
Insecta;Ephemeroptera;MMA;CR;6;0
Insecta;Hemiptera;ICMBIO;DD;1794;0
Insecta;Hemiptera;ICMBIO;LC;6699;3
Insecta;Hemiptera;ICMBIO;NT;93;0
Insecta;Hemiptera;ICMBIO;VU;263;0
Insecta;Hemiptera;ICMBIO;EN;239;0
Insecta;Hemiptera;ICMBIO;CR;185;0
Insecta;Hemiptera;IUCN;DD;2493;0
Insecta;Hemiptera;IUCN;LC;6159;0
Insecta;Hemiptera;IUCN;NT;102;0
Insecta;Hemiptera;IUCN;VU;223;0
Insecta;Hemiptera;IUCN;EN;167;0
Insecta;Hemiptera;IUCN;CR;149;0
Insecta;Hemiptera;MMA;DD;780;0
Insecta;Hemiptera;MMA;LC;7878;0
Insecta;Hemiptera;MMA;NT;148;0
Insecta;Hemiptera;MMA;VU;172;2
Insecta;Hemiptera;MMA;EN;196;0
Insecta;Hemiptera;MMA;CR;130;1
Insecta;Hymenoptera;ICMBIO;DD;2086;42
Insecta;Hymenoptera;ICMBIO;LC;7788;233
Insecta;Hymenoptera;ICMBIO;NT;108;6
Insecta;Hymenoptera;ICMBIO;VU;306;7
Insecta;Hymenoptera;ICMBIO;EN;278;9
Insecta;Hymenoptera;ICMBIO;CR;215;2
Insecta;Hymenoptera;IUCN;DD;2898;4
Insecta;Hymenoptera;IUCN;LC;7160;10
Insecta;Hymenoptera;IUCN;NT;119;3
Insecta;Hymenoptera;IUCN;VU;260;0
Insecta;Hymenoptera;IUCN;EN;195;1
Insecta;Hymenoptera;IUCN;CR;173;1
Insecta;Hymenoptera;MMA;DD;906;27
Insecta;Hymenoptera;MMA;LC;9158;313
Insecta;Hymenoptera;MMA;NT;172;7
Insecta;Hymenoptera;MMA;VU;200;6
Insecta;Hymenoptera;MMA;EN;228;8
Insecta;Hymenoptera;MMA;CR;152;2
Insecta;Lepidoptera;ICMBIO;DD;2745;32
Insecta;Lepidoptera;ICMBIO;LC;10250;221
Insecta;Lepidoptera;ICMBIO;NT;142;1
Insecta;Lepidoptera;ICMBIO;VU;403;11
Insecta;Lepidoptera;ICMBIO;EN;366;22
Insecta;Lepidoptera;ICMBIO;CR;283;20
Insecta;Lepidoptera;IUCN;DD;3815;1
Insecta;Lepidoptera;IUCN;LC;9423;40
Insecta;Lepidoptera;IUCN;NT;157;2
Insecta;Lepidoptera;IUCN;VU;342;3
Insecta;Lepidoptera;IUCN;EN;256;5
Insecta;Lepidoptera;IUCN;CR;228;1
Insecta;Lepidoptera;MMA;DD;1193;24
Insecta;Lepidoptera;MMA;LC;12053;829
Insecta;Lepidoptera;MMA;NT;226;10
Insecta;Lepidoptera;MMA;VU;263;13
Insecta;Lepidoptera;MMA;EN;299;28
Insecta;Lepidoptera;MMA;CR;200;25
Insecta;Mantodea;ICMBIO;DD;48;0
Insecta;Mantodea;ICMBIO;LC;181;0
Insecta;Mantodea;ICMBIO;NT;2;0
Insecta;Mantodea;ICMBIO;VU;7;0
Insecta;Mantodea;ICMBIO;EN;6;0
Insecta;Mantodea;ICMBIO;CR;5;0
Insecta;Mantodea;IUCN;DD;67;0
Insecta;Mantodea;IUCN;LC;166;0
Insecta;Mantodea;IUCN;NT;3;0
Insecta;Mantodea;IUCN;VU;6;0
Insecta;Mantodea;IUCN;EN;5;0
Insecta;Mantodea;IUCN;CR;4;0
Insecta;Mantodea;MMA;DD;21;0
Insecta;Mantodea;MMA;LC;213;0
Insecta;Mantodea;MMA;NT;4;0
Insecta;Mantodea;MMA;VU;5;0
Insecta;Mantodea;MMA;EN;5;0
Insecta;Mantodea;MMA;CR;4;0
Insecta;Mecoptera;ICMBIO;DD;5;0
Insecta;Mecoptera;ICMBIO;LC;19;0
Insecta;Mecoptera;ICMBIO;NT;0;0
Insecta;Mecoptera;ICMBIO;VU;1;0
Insecta;Mecoptera;ICMBIO;EN;1;0
Insecta;Mecoptera;ICMBIO;CR;1;0
Insecta;Mecoptera;IUCN;DD;7;0
Insecta;Mecoptera;IUCN;LC;17;0
Insecta;Mecoptera;IUCN;NT;0;0
Insecta;Mecoptera;IUCN;VU;1;0
Insecta;Mecoptera;IUCN;EN;0;0
Insecta;Mecoptera;IUCN;CR;0;0
Insecta;Mecoptera;MMA;DD;2;0
Insecta;Mecoptera;MMA;LC;22;0
Insecta;Mecoptera;MMA;NT;0;0
Insecta;Mecoptera;MMA;VU;0;0
Insecta;Mecoptera;MMA;EN;1;0
Insecta;Mecoptera;MMA;CR;0;0
Insecta;Megaloptera;ICMBIO;DD;5;0
Insecta;Megaloptera;ICMBIO;LC;17;0
Insecta;Megaloptera;ICMBIO;NT;0;0
Insecta;Megaloptera;ICMBIO;VU;1;0
Insecta;Megaloptera;ICMBIO;EN;1;0
Insecta;Megaloptera;ICMBIO;CR;0;0
Insecta;Megaloptera;IUCN;DD;6;0
Insecta;Megaloptera;IUCN;LC;16;0
Insecta;Megaloptera;IUCN;NT;0;0
Insecta;Megaloptera;IUCN;VU;1;0
Insecta;Megaloptera;IUCN;EN;0;0
Insecta;Megaloptera;IUCN;CR;0;0
Insecta;Megaloptera;MMA;DD;2;0
Insecta;Megaloptera;MMA;LC;20;0
Insecta;Megaloptera;MMA;NT;0;0
Insecta;Megaloptera;MMA;VU;0;0
Insecta;Megaloptera;MMA;EN;1;0
Insecta;Megaloptera;MMA;CR;0;0
Insecta;Neuroptera;ICMBIO;DD;84;0
Insecta;Neuroptera;ICMBIO;LC;312;0
Insecta;Neuroptera;ICMBIO;NT;4;0
Insecta;Neuroptera;ICMBIO;VU;12;0
Insecta;Neuroptera;ICMBIO;EN;11;0
Insecta;Neuroptera;ICMBIO;CR;9;0
Insecta;Neuroptera;IUCN;DD;116;0
Insecta;Neuroptera;IUCN;LC;287;0
Insecta;Neuroptera;IUCN;NT;5;0
Insecta;Neuroptera;IUCN;VU;10;0
Insecta;Neuroptera;IUCN;EN;8;0
Insecta;Neuroptera;IUCN;CR;7;0
Insecta;Neuroptera;MMA;DD;36;0
Insecta;Neuroptera;MMA;LC;367;0
Insecta;Neuroptera;MMA;NT;7;0
Insecta;Neuroptera;MMA;VU;8;0
Insecta;Neuroptera;MMA;EN;9;0
Insecta;Neuroptera;MMA;CR;6;0
Insecta;Odonata;ICMBIO;DD;177;194
Insecta;Odonata;ICMBIO;LC;660;521
Insecta;Odonata;ICMBIO;NT;9;5
Insecta;Odonata;ICMBIO;VU;26;11
Insecta;Odonata;ICMBIO;EN;24;6
Insecta;Odonata;ICMBIO;CR;18;4
Insecta;Odonata;IUCN;DD;246;242
Insecta;Odonata;IUCN;LC;607;596
Insecta;Odonata;IUCN;NT;10;1
Insecta;Odonata;IUCN;VU;22;17
Insecta;Odonata;IUCN;EN;17;12
Insecta;Odonata;IUCN;CR;15;16
Insecta;Odonata;MMA;DD;77;107
Insecta;Odonata;MMA;LC;777;694
Insecta;Odonata;MMA;NT;15;12
Insecta;Odonata;MMA;VU;17;10
Insecta;Odonata;MMA;EN;19;5
Insecta;Odonata;MMA;CR;13;3
Insecta;Orthoptera;ICMBIO;DD;350;0
Insecta;Orthoptera;ICMBIO;LC;1306;0
Insecta;Orthoptera;ICMBIO;NT;18;0
Insecta;Orthoptera;ICMBIO;VU;51;0
Insecta;Orthoptera;ICMBIO;EN;47;0
Insecta;Orthoptera;ICMBIO;CR;36;0
Insecta;Orthoptera;IUCN;DD;486;2
Insecta;Orthoptera;IUCN;LC;1200;10
Insecta;Orthoptera;IUCN;NT;20;2
Insecta;Orthoptera;IUCN;VU;44;2
Insecta;Orthoptera;IUCN;EN;33;0
Insecta;Orthoptera;IUCN;CR;29;0
Insecta;Orthoptera;MMA;DD;152;0
Insecta;Orthoptera;MMA;LC;1535;0
Insecta;Orthoptera;MMA;NT;29;0
Insecta;Orthoptera;MMA;VU;33;0
Insecta;Orthoptera;MMA;EN;38;2
Insecta;Orthoptera;MMA;CR;25;0
Insecta;Phasmatodea;ICMBIO;DD;45;0
Insecta;Phasmatodea;ICMBIO;LC;167;0
Insecta;Phasmatodea;ICMBIO;NT;2;0
Insecta;Phasmatodea;ICMBIO;VU;7;0
Insecta;Phasmatodea;ICMBIO;EN;6;0
Insecta;Phasmatodea;ICMBIO;CR;5;0
Insecta;Phasmatodea;IUCN;DD;62;0
Insecta;Phasmatodea;IUCN;LC;154;0
Insecta;Phasmatodea;IUCN;NT;3;0
Insecta;Phasmatodea;IUCN;VU;6;0
Insecta;Phasmatodea;IUCN;EN;4;0
Insecta;Phasmatodea;IUCN;CR;4;0
Insecta;Phasmatodea;MMA;DD;19;0
Insecta;Phasmatodea;MMA;LC;196;0
Insecta;Phasmatodea;MMA;NT;4;0
Insecta;Phasmatodea;MMA;VU;4;0
Insecta;Phasmatodea;MMA;EN;5;0
Insecta;Phasmatodea;MMA;CR;3;0
Insecta;Plecoptera;ICMBIO;DD;38;0
Insecta;Plecoptera;ICMBIO;LC;143;0
Insecta;Plecoptera;ICMBIO;NT;2;0
Insecta;Plecoptera;ICMBIO;VU;6;0
Insecta;Plecoptera;ICMBIO;EN;5;0
Insecta;Plecoptera;ICMBIO;CR;4;0
Insecta;Plecoptera;IUCN;DD;53;0
Insecta;Plecoptera;IUCN;LC;132;0
Insecta;Plecoptera;IUCN;NT;2;0
Insecta;Plecoptera;IUCN;VU;5;0
Insecta;Plecoptera;IUCN;EN;4;0
Insecta;Plecoptera;IUCN;CR;3;0
Insecta;Plecoptera;MMA;DD;17;0
Insecta;Plecoptera;MMA;LC;169;0
Insecta;Plecoptera;MMA;NT;3;0
Insecta;Plecoptera;MMA;VU;4;0
Insecta;Plecoptera;MMA;EN;4;0
Insecta;Plecoptera;MMA;CR;3;0
Insecta;Protura;ICMBIO;DD;5;0
Insecta;Protura;ICMBIO;LC;19;0
Insecta;Protura;ICMBIO;NT;0;0
Insecta;Protura;ICMBIO;VU;1;0
Insecta;Protura;ICMBIO;EN;1;0
Insecta;Protura;ICMBIO;CR;1;0
Insecta;Protura;IUCN;DD;7;0
Insecta;Protura;IUCN;LC;18;0
Insecta;Protura;IUCN;NT;0;0
Insecta;Protura;IUCN;VU;1;0
Insecta;Protura;IUCN;EN;0;0
Insecta;Protura;IUCN;CR;0;0
Insecta;Protura;MMA;DD;2;0
Insecta;Protura;MMA;LC;23;0
Insecta;Protura;MMA;NT;0;0
Insecta;Protura;MMA;VU;0;0
Insecta;Protura;MMA;EN;1;0
Insecta;Protura;MMA;CR;0;0
Insecta;Psocodea;ICMBIO;DD;195;0
Insecta;Psocodea;ICMBIO;LC;728;0
Insecta;Psocodea;ICMBIO;NT;10;0
Insecta;Psocodea;ICMBIO;VU;29;0
Insecta;Psocodea;ICMBIO;EN;26;0
Insecta;Psocodea;ICMBIO;CR;20;0
Insecta;Psocodea;IUCN;DD;271;0
Insecta;Psocodea;IUCN;LC;669;0
Insecta;Psocodea;IUCN;NT;11;0
Insecta;Psocodea;IUCN;VU;24;0
Insecta;Psocodea;IUCN;EN;18;0
Insecta;Psocodea;IUCN;CR;16;0
Insecta;Psocodea;MMA;DD;85;0
Insecta;Psocodea;MMA;LC;856;0
Insecta;Psocodea;MMA;NT;16;0
Insecta;Psocodea;MMA;VU;19;0
Insecta;Psocodea;MMA;EN;21;0
Insecta;Psocodea;MMA;CR;14;0
Insecta;Siphonaptera;ICMBIO;DD;12;0
Insecta;Siphonaptera;ICMBIO;LC;45;0
Insecta;Siphonaptera;ICMBIO;NT;1;0
Insecta;Siphonaptera;ICMBIO;VU;2;0
Insecta;Siphonaptera;ICMBIO;EN;2;0
Insecta;Siphonaptera;ICMBIO;CR;1;0
Insecta;Siphonaptera;IUCN;DD;17;0
Insecta;Siphonaptera;IUCN;LC;41;0
Insecta;Siphonaptera;IUCN;NT;1;0
Insecta;Siphonaptera;IUCN;VU;1;0
Insecta;Siphonaptera;IUCN;EN;1;0
Insecta;Siphonaptera;IUCN;CR;1;0
Insecta;Siphonaptera;MMA;DD;5;0
Insecta;Siphonaptera;MMA;LC;53;0
Insecta;Siphonaptera;MMA;NT;1;0
Insecta;Siphonaptera;MMA;VU;1;0
Insecta;Siphonaptera;MMA;EN;1;0
Insecta;Siphonaptera;MMA;CR;1;0
Insecta;Strepsiptera;ICMBIO;DD;6;0
Insecta;Strepsiptera;ICMBIO;LC;24;0
Insecta;Strepsiptera;ICMBIO;NT;0;0
Insecta;Strepsiptera;ICMBIO;VU;1;0
Insecta;Strepsiptera;ICMBIO;EN;1;0
Insecta;Strepsiptera;ICMBIO;CR;1;0
Insecta;Strepsiptera;IUCN;DD;9;0
Insecta;Strepsiptera;IUCN;LC;22;0
Insecta;Strepsiptera;IUCN;NT;0;0
Insecta;Strepsiptera;IUCN;VU;1;0
Insecta;Strepsiptera;IUCN;EN;1;0
Insecta;Strepsiptera;IUCN;CR;1;0
Insecta;Strepsiptera;MMA;DD;3;0
Insecta;Strepsiptera;MMA;LC;28;0
Insecta;Strepsiptera;MMA;NT;1;0
Insecta;Strepsiptera;MMA;VU;1;0
Insecta;Strepsiptera;MMA;EN;1;0
Insecta;Strepsiptera;MMA;CR;0;0
Insecta;Thysanoptera;ICMBIO;DD;118;0
Insecta;Thysanoptera;ICMBIO;LC;442;0
Insecta;Thysanoptera;ICMBIO;NT;6;0
Insecta;Thysanoptera;ICMBIO;VU;17;0
Insecta;Thysanoptera;ICMBIO;EN;16;0
Insecta;Thysanoptera;ICMBIO;CR;12;0
Insecta;Thysanoptera;IUCN;DD;165;0
Insecta;Thysanoptera;IUCN;LC;406;0
Insecta;Thysanoptera;IUCN;NT;7;0
Insecta;Thysanoptera;IUCN;VU;15;0
Insecta;Thysanoptera;IUCN;EN;11;0
Insecta;Thysanoptera;IUCN;CR;10;0
Insecta;Thysanoptera;MMA;DD;51;0
Insecta;Thysanoptera;MMA;LC;520;0
Insecta;Thysanoptera;MMA;NT;10;0
Insecta;Thysanoptera;MMA;VU;11;0
Insecta;Thysanoptera;MMA;EN;13;0
Insecta;Thysanoptera;MMA;CR;9;0
Insecta;Trichoptera;ICMBIO;DD;168;0
Insecta;Trichoptera;ICMBIO;LC;629;0
Insecta;Trichoptera;ICMBIO;NT;9;0
Insecta;Trichoptera;ICMBIO;VU;25;0
Insecta;Trichoptera;ICMBIO;EN;22;0
Insecta;Trichoptera;ICMBIO;CR;17;0
Insecta;Trichoptera;IUCN;DD;234;0
Insecta;Trichoptera;IUCN;LC;578;0
Insecta;Trichoptera;IUCN;NT;10;0
Insecta;Trichoptera;IUCN;VU;21;0
Insecta;Trichoptera;IUCN;EN;16;0
Insecta;Trichoptera;IUCN;CR;14;0
Insecta;Trichoptera;MMA;DD;73;0
Insecta;Trichoptera;MMA;LC;739;0
Insecta;Trichoptera;MMA;NT;14;0
Insecta;Trichoptera;MMA;VU;16;0
Insecta;Trichoptera;MMA;EN;18;0
Insecta;Trichoptera;MMA;CR;12;0
Insecta;Zoraptera;ICMBIO;DD;1;0
Insecta;Zoraptera;ICMBIO;LC;4;0
Insecta;Zoraptera;ICMBIO;NT;0;0
Insecta;Zoraptera;ICMBIO;VU;0;0
Insecta;Zoraptera;ICMBIO;EN;0;0
Insecta;Zoraptera;ICMBIO;CR;0;0
Insecta;Zoraptera;IUCN;DD;2;0
Insecta;Zoraptera;IUCN;LC;4;0
Insecta;Zoraptera;IUCN;NT;0;0
Insecta;Zoraptera;IUCN;VU;0;0
Insecta;Zoraptera;IUCN;EN;0;0
Insecta;Zoraptera;IUCN;CR;0;0
Insecta;Zoraptera;MMA;DD;1;0
Insecta;Zoraptera;MMA;LC;5;0
Insecta;Zoraptera;MMA;NT;0;0
Insecta;Zoraptera;MMA;VU;0;0
Insecta;Zoraptera;MMA;EN;0;0
Insecta;Zoraptera;MMA;CR;0;0
Amphibia;Anura;ICMBIO;DD;196;152
Amphibia;Anura;ICMBIO;LC;874;720
Amphibia;Anura;ICMBIO;NT;26;22
Amphibia;Anura;ICMBIO;VU;13;11
Amphibia;Anura;ICMBIO;EN;14;11
Amphibia;Anura;ICMBIO;CR;20;18
Amphibia;Anura;IUCN;DD;72;64
Amphibia;Anura;IUCN;LC;857;877
Amphibia;Anura;IUCN;NT;30;31
Amphibia;Anura;IUCN;VU;49;52
Amphibia;Anura;IUCN;EN;71;75
Amphibia;Anura;IUCN;CR;64;68
Amphibia;Anura;MMA;DD;100;85
Amphibia;Anura;MMA;LC;954;882
Amphibia;Anura;MMA;NT;28;27
Amphibia;Anura;MMA;VU;16;15
Amphibia;Anura;MMA;EN;10;10
Amphibia;Anura;MMA;CR;36;34
Amphibia;Caudata;ICMBIO;DD;1;0
Amphibia;Caudata;ICMBIO;LC;4;4
Amphibia;Caudata;ICMBIO;NT;0;0
Amphibia;Caudata;ICMBIO;VU;0;0
Amphibia;Caudata;ICMBIO;EN;0;1
Amphibia;Caudata;ICMBIO;CR;0;0
Amphibia;Caudata;IUCN;DD;0;1
Amphibia;Caudata;IUCN;LC;4;3
Amphibia;Caudata;IUCN;NT;0;1
Amphibia;Caudata;IUCN;VU;0;0
Amphibia;Caudata;IUCN;EN;0;0
Amphibia;Caudata;IUCN;CR;0;0
Amphibia;Caudata;MMA;DD;0;0
Amphibia;Caudata;MMA;LC;4;5
Amphibia;Caudata;MMA;NT;0;0
Amphibia;Caudata;MMA;VU;0;0
Amphibia;Caudata;MMA;EN;0;0
Amphibia;Caudata;MMA;CR;0;0
Amphibia;Gymnophiona;ICMBIO;DD;7;14
Amphibia;Gymnophiona;ICMBIO;LC;30;17
Amphibia;Gymnophiona;ICMBIO;NT;1;0
Amphibia;Gymnophiona;ICMBIO;VU;0;0
Amphibia;Gymnophiona;ICMBIO;EN;0;0
Amphibia;Gymnophiona;ICMBIO;CR;1;0
Amphibia;Gymnophiona;IUCN;DD;2;11
Amphibia;Gymnophiona;IUCN;LC;29;31
Amphibia;Gymnophiona;IUCN;NT;1;0
Amphibia;Gymnophiona;IUCN;VU;2;0
Amphibia;Gymnophiona;IUCN;EN;2;0
Amphibia;Gymnophiona;IUCN;CR;2;0
Amphibia;Gymnophiona;MMA;DD;3;11
Amphibia;Gymnophiona;MMA;LC;33;24
Amphibia;Gymnophiona;MMA;NT;1;0
Amphibia;Gymnophiona;MMA;VU;1;0
Amphibia;Gymnophiona;MMA;EN;0;0
Amphibia;Gymnophiona;MMA;CR;1;0
Reptilia;Crocodylia;ICMBIO;DD;0;0
Reptilia;Crocodylia;ICMBIO;LC;5;6
Reptilia;Crocodylia;ICMBIO;NT;0;0
Reptilia;Crocodylia;ICMBIO;VU;0;0
Reptilia;Crocodylia;ICMBIO;EN;0;0
Reptilia;Crocodylia;ICMBIO;CR;0;0
Reptilia;Crocodylia;IUCN;DD;0;0
Reptilia;Crocodylia;IUCN;LC;5;5
Reptilia;Crocodylia;IUCN;NT;0;0
Reptilia;Crocodylia;IUCN;VU;0;0
Reptilia;Crocodylia;IUCN;EN;0;0
Reptilia;Crocodylia;IUCN;CR;0;1
Reptilia;Crocodylia;MMA;DD;0;0
Reptilia;Crocodylia;MMA;LC;5;6
Reptilia;Crocodylia;MMA;NT;0;0
Reptilia;Crocodylia;MMA;VU;0;0
Reptilia;Crocodylia;MMA;EN;0;0
Reptilia;Crocodylia;MMA;CR;0;0
Reptilia;Squamata;ICMBIO;DD;69;46
Reptilia;Squamata;ICMBIO;LC;668;487
Reptilia;Squamata;ICMBIO;NT;17;8
Reptilia;Squamata;ICMBIO;VU;26;19
Reptilia;Squamata;ICMBIO;EN;51;37
Reptilia;Squamata;ICMBIO;CR;12;6
Reptilia;Squamata;IUCN;DD;58;50
Reptilia;Squamata;IUCN;LC;659;564
Reptilia;Squamata;IUCN;NT;15;8
Reptilia;Squamata;IUCN;VU;36;21
Reptilia;Squamata;IUCN;EN;58;48
Reptilia;Squamata;IUCN;CR;15;0
Reptilia;Squamata;MMA;DD;61;56
Reptilia;Squamata;MMA;LC;685;634
Reptilia;Squamata;MMA;NT;24;18
Reptilia;Squamata;MMA;VU;21;17
Reptilia;Squamata;MMA;EN;44;42
Reptilia;Squamata;MMA;CR;8;7
Reptilia;Testudines;ICMBIO;DD;3;7
Reptilia;Testudines;ICMBIO;LC;32;18
Reptilia;Testudines;ICMBIO;NT;1;5
Reptilia;Testudines;ICMBIO;VU;1;1
Reptilia;Testudines;ICMBIO;EN;2;2
Reptilia;Testudines;ICMBIO;CR;1;3
Reptilia;Testudines;IUCN;DD;3;0
Reptilia;Testudines;IUCN;LC;31;0
Reptilia;Testudines;IUCN;NT;1;1
Reptilia;Testudines;IUCN;VU;2;10
Reptilia;Testudines;IUCN;EN;3;2
Reptilia;Testudines;IUCN;CR;1;5
Reptilia;Testudines;MMA;DD;3;3
Reptilia;Testudines;MMA;LC;32;22
Reptilia;Testudines;MMA;NT;1;5
Reptilia;Testudines;MMA;VU;1;3
Reptilia;Testudines;MMA;EN;2;1
Reptilia;Testudines;MMA;CR;0;1
Aves;Accipitriformes;ICMBIO;DD;1;15
Aves;Accipitriformes;ICMBIO;LC;39;82
Aves;Accipitriformes;ICMBIO;NT;2;3
Aves;Accipitriformes;ICMBIO;VU;3;5
Aves;Accipitriformes;ICMBIO;EN;2;6
Aves;Accipitriformes;ICMBIO;CR;1;5
Aves;Accipitriformes;IUCN;DD;0;0
Aves;Accipitriformes;IUCN;LC;41;38
Aves;Accipitriformes;IUCN;NT;1;5
Aves;Accipitriformes;IUCN;VU;2;2
Aves;Accipitriformes;IUCN;EN;3;2
Aves;Accipitriformes;IUCN;CR;1;0
Aves;Accipitriformes;MMA;DD;0;0
Aves;Accipitriformes;MMA;LC;40;39
Aves;Accipitriformes;MMA;NT;1;1
Aves;Accipitriformes;MMA;VU;3;4
Aves;Accipitriformes;MMA;EN;2;2
Aves;Accipitriformes;MMA;CR;1;0
Aves;Anseriformes;ICMBIO;DD;1;1
Aves;Anseriformes;ICMBIO;LC;23;20
Aves;Anseriformes;ICMBIO;NT;1;0
Aves;Anseriformes;ICMBIO;VU;2;0
Aves;Anseriformes;ICMBIO;EN;1;0
Aves;Anseriformes;ICMBIO;CR;1;1
Aves;Anseriformes;IUCN;DD;0;0
Aves;Anseriformes;IUCN;LC;24;25
Aves;Anseriformes;IUCN;NT;1;1
Aves;Anseriformes;IUCN;VU;1;0
Aves;Anseriformes;IUCN;EN;2;0
Aves;Anseriformes;IUCN;CR;1;1
Aves;Anseriformes;MMA;DD;0;0
Aves;Anseriformes;MMA;LC;23;21
Aves;Anseriformes;MMA;NT;1;0
Aves;Anseriformes;MMA;VU;2;0
Aves;Anseriformes;MMA;EN;1;0
Aves;Anseriformes;MMA;CR;1;1
Aves;Apodiformes;ICMBIO;DD;3;4
Aves;Apodiformes;ICMBIO;LC;86;88
Aves;Apodiformes;ICMBIO;NT;4;0
Aves;Apodiformes;ICMBIO;VU;7;3
Aves;Apodiformes;ICMBIO;EN;4;5
Aves;Apodiformes;ICMBIO;CR;3;1
Aves;Apodiformes;IUCN;DD;0;0
Aves;Apodiformes;IUCN;LC;91;0
Aves;Apodiformes;IUCN;NT;2;0
Aves;Apodiformes;IUCN;VU;5;0
Aves;Apodiformes;IUCN;EN;7;0
Aves;Apodiformes;IUCN;CR;2;0
Aves;Apodiformes;MMA;DD;1;3
Aves;Apodiformes;MMA;LC;89;94
Aves;Apodiformes;MMA;NT;3;0
Aves;Apodiformes;MMA;VU;8;4
Aves;Apodiformes;MMA;EN;4;6
Aves;Apodiformes;MMA;CR;2;0
Aves;Caprimulgiformes;ICMBIO;DD;1;1
Aves;Caprimulgiformes;ICMBIO;LC;22;20
Aves;Caprimulgiformes;ICMBIO;NT;1;2
Aves;Caprimulgiformes;ICMBIO;VU;2;1
Aves;Caprimulgiformes;ICMBIO;EN;1;0
Aves;Caprimulgiformes;ICMBIO;CR;1;0
Aves;Caprimulgiformes;IUCN;DD;0;0
Aves;Caprimulgiformes;IUCN;LC;23;126
Aves;Caprimulgiformes;IUCN;NT;0;3
Aves;Caprimulgiformes;IUCN;VU;1;7
Aves;Caprimulgiformes;IUCN;EN;2;1
Aves;Caprimulgiformes;IUCN;CR;0;0
Aves;Caprimulgiformes;MMA;DD;0;1
Aves;Caprimulgiformes;MMA;LC;23;23
Aves;Caprimulgiformes;MMA;NT;1;1
Aves;Caprimulgiformes;MMA;VU;2;0
Aves;Caprimulgiformes;MMA;EN;1;2
Aves;Caprimulgiformes;MMA;CR;0;0
Aves;Cariamiformes;ICMBIO;DD;0;0
Aves;Cariamiformes;ICMBIO;LC;1;1
Aves;Cariamiformes;ICMBIO;NT;0;0
Aves;Cariamiformes;ICMBIO;VU;0;0
Aves;Cariamiformes;ICMBIO;EN;0;0
Aves;Cariamiformes;ICMBIO;CR;0;0
Aves;Cariamiformes;IUCN;DD;0;0
Aves;Cariamiformes;IUCN;LC;1;1
Aves;Cariamiformes;IUCN;NT;0;0
Aves;Cariamiformes;IUCN;VU;0;0
Aves;Cariamiformes;IUCN;EN;0;0
Aves;Cariamiformes;IUCN;CR;0;0
Aves;Cariamiformes;MMA;DD;0;0
Aves;Cariamiformes;MMA;LC;1;1
Aves;Cariamiformes;MMA;NT;0;0
Aves;Cariamiformes;MMA;VU;0;0
Aves;Cariamiformes;MMA;EN;0;0
Aves;Cariamiformes;MMA;CR;0;0
Aves;Cathartiformes;ICMBIO;DD;0;0
Aves;Cathartiformes;ICMBIO;LC;4;4
Aves;Cathartiformes;ICMBIO;NT;0;1
Aves;Cathartiformes;ICMBIO;VU;0;0
Aves;Cathartiformes;ICMBIO;EN;0;0
Aves;Cathartiformes;ICMBIO;CR;0;0
Aves;Cathartiformes;IUCN;DD;0;0
Aves;Cathartiformes;IUCN;LC;4;5
Aves;Cathartiformes;IUCN;NT;0;0
Aves;Cathartiformes;IUCN;VU;0;1
Aves;Cathartiformes;IUCN;EN;0;0
Aves;Cathartiformes;IUCN;CR;0;0
Aves;Cathartiformes;MMA;DD;0;0
Aves;Cathartiformes;MMA;LC;4;1
Aves;Cathartiformes;MMA;NT;0;0
Aves;Cathartiformes;MMA;VU;0;0
Aves;Cathartiformes;MMA;EN;0;0
Aves;Cathartiformes;MMA;CR;0;0
Aves;Charadriiformes;ICMBIO;DD;2;5
Aves;Charadriiformes;ICMBIO;LC;75;46
Aves;Charadriiformes;ICMBIO;NT;3;4
Aves;Charadriiformes;ICMBIO;VU;6;4
Aves;Charadriiformes;ICMBIO;EN;4;2
Aves;Charadriiformes;ICMBIO;CR;2;2
Aves;Charadriiformes;IUCN;DD;0;0
Aves;Charadriiformes;IUCN;LC;79;73
Aves;Charadriiformes;IUCN;NT;2;5
Aves;Charadriiformes;IUCN;VU;4;0
Aves;Charadriiformes;IUCN;EN;6;0
Aves;Charadriiformes;IUCN;CR;2;1
Aves;Charadriiformes;MMA;DD;1;1
Aves;Charadriiformes;MMA;LC;77;49
Aves;Charadriiformes;MMA;NT;2;2
Aves;Charadriiformes;MMA;VU;7;8
Aves;Charadriiformes;MMA;EN;4;3
Aves;Charadriiformes;MMA;CR;2;0
Aves;Ciconiiformes;ICMBIO;DD;0;0
Aves;Ciconiiformes;ICMBIO;LC;2;3
Aves;Ciconiiformes;ICMBIO;NT;0;0
Aves;Ciconiiformes;ICMBIO;VU;0;0
Aves;Ciconiiformes;ICMBIO;EN;0;0
Aves;Ciconiiformes;ICMBIO;CR;0;0
Aves;Ciconiiformes;IUCN;DD;0;0
Aves;Ciconiiformes;IUCN;LC;3;3
Aves;Ciconiiformes;IUCN;NT;0;0
Aves;Ciconiiformes;IUCN;VU;0;0
Aves;Ciconiiformes;IUCN;EN;0;0
Aves;Ciconiiformes;IUCN;CR;0;0
Aves;Ciconiiformes;MMA;DD;0;0
Aves;Ciconiiformes;MMA;LC;3;9
Aves;Ciconiiformes;MMA;NT;0;0
Aves;Ciconiiformes;MMA;VU;0;0
Aves;Ciconiiformes;MMA;EN;0;0
Aves;Ciconiiformes;MMA;CR;0;0
Aves;Columbiformes;ICMBIO;DD;1;1
Aves;Columbiformes;ICMBIO;LC;19;18
Aves;Columbiformes;ICMBIO;NT;1;0
Aves;Columbiformes;ICMBIO;VU;1;0
Aves;Columbiformes;ICMBIO;EN;1;0
Aves;Columbiformes;ICMBIO;CR;1;2
Aves;Columbiformes;IUCN;DD;0;0
Aves;Columbiformes;IUCN;LC;20;21
Aves;Columbiformes;IUCN;NT;0;0
Aves;Columbiformes;IUCN;VU;1;0
Aves;Columbiformes;IUCN;EN;2;0
Aves;Columbiformes;IUCN;CR;0;2
Aves;Columbiformes;MMA;DD;0;0
Aves;Columbiformes;MMA;LC;19;20
Aves;Columbiformes;MMA;NT;1;0
Aves;Columbiformes;MMA;VU;2;0
Aves;Columbiformes;MMA;EN;1;0
Aves;Columbiformes;MMA;CR;0;2
Aves;Coraciiformes;ICMBIO;DD;0;0
Aves;Coraciiformes;ICMBIO;LC;7;13
Aves;Coraciiformes;ICMBIO;NT;0;0
Aves;Coraciiformes;ICMBIO;VU;1;0
Aves;Coraciiformes;ICMBIO;EN;0;1
Aves;Coraciiformes;ICMBIO;CR;0;0
Aves;Coraciiformes;IUCN;DD;0;0
Aves;Coraciiformes;IUCN;LC;8;9
Aves;Coraciiformes;IUCN;NT;0;0
Aves;Coraciiformes;IUCN;VU;0;0
Aves;Coraciiformes;IUCN;EN;1;0
Aves;Coraciiformes;IUCN;CR;0;0
Aves;Coraciiformes;MMA;DD;0;0
Aves;Coraciiformes;MMA;LC;8;9
Aves;Coraciiformes;MMA;NT;0;0
Aves;Coraciiformes;MMA;VU;1;0
Aves;Coraciiformes;MMA;EN;0;1
Aves;Coraciiformes;MMA;CR;0;0
Aves;Cuculiformes;ICMBIO;DD;1;0
Aves;Cuculiformes;ICMBIO;LC;16;17
Aves;Cuculiformes;ICMBIO;NT;1;0
Aves;Cuculiformes;ICMBIO;VU;1;3
Aves;Cuculiformes;ICMBIO;EN;1;0
Aves;Cuculiformes;ICMBIO;CR;0;2
Aves;Cuculiformes;IUCN;DD;0;0
Aves;Cuculiformes;IUCN;LC;17;18
Aves;Cuculiformes;IUCN;NT;0;0
Aves;Cuculiformes;IUCN;VU;1;1
Aves;Cuculiformes;IUCN;EN;1;0
Aves;Cuculiformes;IUCN;CR;0;0
Aves;Cuculiformes;MMA;DD;0;0
Aves;Cuculiformes;MMA;LC;17;17
Aves;Cuculiformes;MMA;NT;0;0
Aves;Cuculiformes;MMA;VU;1;3
Aves;Cuculiformes;MMA;EN;1;1
Aves;Cuculiformes;MMA;CR;0;1
Aves;Eurypygiformes;ICMBIO;DD;0;0
Aves;Eurypygiformes;ICMBIO;LC;1;1
Aves;Eurypygiformes;ICMBIO;NT;0;0
Aves;Eurypygiformes;ICMBIO;VU;0;0
Aves;Eurypygiformes;ICMBIO;EN;0;0
Aves;Eurypygiformes;ICMBIO;CR;0;0
Aves;Eurypygiformes;IUCN;DD;0;0
Aves;Eurypygiformes;IUCN;LC;1;1
Aves;Eurypygiformes;IUCN;NT;0;0
Aves;Eurypygiformes;IUCN;VU;0;0
Aves;Eurypygiformes;IUCN;EN;0;0
Aves;Eurypygiformes;IUCN;CR;0;0
Aves;Eurypygiformes;MMA;DD;0;0
Aves;Eurypygiformes;MMA;LC;1;1
Aves;Eurypygiformes;MMA;NT;0;0
Aves;Eurypygiformes;MMA;VU;0;0
Aves;Eurypygiformes;MMA;EN;0;0
Aves;Eurypygiformes;MMA;CR;0;0
Aves;Falconiformes;ICMBIO;DD;1;0
Aves;Falconiformes;ICMBIO;LC;16;16
Aves;Falconiformes;ICMBIO;NT;1;2
Aves;Falconiformes;ICMBIO;VU;1;0
Aves;Falconiformes;ICMBIO;EN;1;0
Aves;Falconiformes;ICMBIO;CR;0;0
Aves;Falconiformes;IUCN;DD;0;0
Aves;Falconiformes;IUCN;LC;17;19
Aves;Falconiformes;IUCN;NT;0;1
Aves;Falconiformes;IUCN;VU;1;0
Aves;Falconiformes;IUCN;EN;1;0
Aves;Falconiformes;IUCN;CR;0;0
Aves;Falconiformes;MMA;DD;0;0
Aves;Falconiformes;MMA;LC;17;16
Aves;Falconiformes;MMA;NT;0;2
Aves;Falconiformes;MMA;VU;1;0
Aves;Falconiformes;MMA;EN;1;0
Aves;Falconiformes;MMA;CR;0;0
Aves;Galbuliformes;ICMBIO;DD;1;0
Aves;Galbuliformes;ICMBIO;LC;36;40
Aves;Galbuliformes;ICMBIO;NT;1;3
Aves;Galbuliformes;ICMBIO;VU;3;0
Aves;Galbuliformes;ICMBIO;EN;2;1
Aves;Galbuliformes;ICMBIO;CR;1;0
Aves;Galbuliformes;IUCN;DD;0;0
Aves;Galbuliformes;IUCN;LC;38;0
Aves;Galbuliformes;IUCN;NT;1;0
Aves;Galbuliformes;IUCN;VU;2;0
Aves;Galbuliformes;IUCN;EN;3;0
Aves;Galbuliformes;IUCN;CR;1;0
Aves;Galbuliformes;MMA;DD;0;0
Aves;Galbuliformes;MMA;LC;37;42
Aves;Galbuliformes;MMA;NT;1;1
Aves;Galbuliformes;MMA;VU;3;1
Aves;Galbuliformes;MMA;EN;2;1
Aves;Galbuliformes;MMA;CR;1;0
Aves;Galliformes;ICMBIO;DD;1;1
Aves;Galliformes;ICMBIO;LC;24;20
Aves;Galliformes;ICMBIO;NT;1;1
Aves;Galliformes;ICMBIO;VU;2;3
Aves;Galliformes;ICMBIO;EN;1;2
Aves;Galliformes;ICMBIO;CR;1;5
Aves;Galliformes;IUCN;DD;0;0
Aves;Galliformes;IUCN;LC;26;17
Aves;Galliformes;IUCN;NT;1;3
Aves;Galliformes;IUCN;VU;1;5
Aves;Galliformes;IUCN;EN;2;3
Aves;Galliformes;IUCN;CR;1;1
Aves;Galliformes;MMA;DD;0;0
Aves;Galliformes;MMA;LC;25;21
Aves;Galliformes;MMA;NT;1;1
Aves;Galliformes;MMA;VU;2;3
Aves;Galliformes;MMA;EN;1;3
Aves;Galliformes;MMA;CR;1;4
Aves;Gruiformes;ICMBIO;DD;1;4
Aves;Gruiformes;ICMBIO;LC;37;31
Aves;Gruiformes;ICMBIO;NT;2;2
Aves;Gruiformes;ICMBIO;VU;3;2
Aves;Gruiformes;ICMBIO;EN;2;1
Aves;Gruiformes;ICMBIO;CR;1;1
Aves;Gruiformes;IUCN;DD;0;0
Aves;Gruiformes;IUCN;LC;39;34
Aves;Gruiformes;IUCN;NT;1;0
Aves;Gruiformes;IUCN;VU;2;3
Aves;Gruiformes;IUCN;EN;3;2
Aves;Gruiformes;IUCN;CR;1;1
Aves;Gruiformes;MMA;DD;0;2
Aves;Gruiformes;MMA;LC;38;33
Aves;Gruiformes;MMA;NT;1;0
Aves;Gruiformes;MMA;VU;3;2
Aves;Gruiformes;MMA;EN;2;3
Aves;Gruiformes;MMA;CR;1;1
Aves;Nyctibiiformes;ICMBIO;DD;0;0
Aves;Nyctibiiformes;ICMBIO;LC;4;4
Aves;Nyctibiiformes;ICMBIO;NT;0;0
Aves;Nyctibiiformes;ICMBIO;VU;0;0
Aves;Nyctibiiformes;ICMBIO;EN;0;1
Aves;Nyctibiiformes;ICMBIO;CR;0;1
Aves;Nyctibiiformes;IUCN;DD;0;0
Aves;Nyctibiiformes;IUCN;LC;4;0
Aves;Nyctibiiformes;IUCN;NT;0;0
Aves;Nyctibiiformes;IUCN;VU;0;0
Aves;Nyctibiiformes;IUCN;EN;0;0
Aves;Nyctibiiformes;IUCN;CR;0;0
Aves;Nyctibiiformes;MMA;DD;0;0
Aves;Nyctibiiformes;MMA;LC;4;3
Aves;Nyctibiiformes;MMA;NT;0;0
Aves;Nyctibiiformes;MMA;VU;0;0
Aves;Nyctibiiformes;MMA;EN;0;1
Aves;Nyctibiiformes;MMA;CR;0;1
Aves;Opisthocomiformes;ICMBIO;DD;0;0
Aves;Opisthocomiformes;ICMBIO;LC;1;1
Aves;Opisthocomiformes;ICMBIO;NT;0;0
Aves;Opisthocomiformes;ICMBIO;VU;0;0
Aves;Opisthocomiformes;ICMBIO;EN;0;0
Aves;Opisthocomiformes;ICMBIO;CR;0;0
Aves;Opisthocomiformes;IUCN;DD;0;0
Aves;Opisthocomiformes;IUCN;LC;1;1
Aves;Opisthocomiformes;IUCN;NT;0;0
Aves;Opisthocomiformes;IUCN;VU;0;0
Aves;Opisthocomiformes;IUCN;EN;0;0
Aves;Opisthocomiformes;IUCN;CR;0;0
Aves;Opisthocomiformes;MMA;DD;0;0
Aves;Opisthocomiformes;MMA;LC;1;1
Aves;Opisthocomiformes;MMA;NT;0;0
Aves;Opisthocomiformes;MMA;VU;0;0
Aves;Opisthocomiformes;MMA;EN;0;0
Aves;Opisthocomiformes;MMA;CR;0;0
Aves;Passeriformes;ICMBIO;DD;29;15
Aves;Passeriformes;ICMBIO;LC;909;900
Aves;Passeriformes;ICMBIO;NT;38;29
Aves;Passeriformes;ICMBIO;VU;71;76
Aves;Passeriformes;ICMBIO;EN;44;37
Aves;Passeriformes;ICMBIO;CR;27;18
Aves;Passeriformes;IUCN;DD;1;1
Aves;Passeriformes;IUCN;LC;963;916
Aves;Passeriformes;IUCN;NT;20;55
Aves;Passeriformes;IUCN;VU;48;44
Aves;Passeriformes;IUCN;EN;77;20
Aves;Passeriformes;IUCN;CR;20;11
Aves;Passeriformes;MMA;DD;9;4
Aves;Passeriformes;MMA;LC;936;945
Aves;Passeriformes;MMA;NT;26;27
Aves;Passeriformes;MMA;VU;81;84
Aves;Passeriformes;MMA;EN;46;38
Aves;Passeriformes;MMA;CR;21;16
Aves;Pelecaniformes;ICMBIO;DD;1;0
Aves;Pelecaniformes;ICMBIO;LC;28;26
Aves;Pelecaniformes;ICMBIO;NT;1;0
Aves;Pelecaniformes;ICMBIO;VU;2;1
Aves;Pelecaniformes;ICMBIO;EN;1;0
Aves;Pelecaniformes;ICMBIO;CR;1;0
Aves;Pelecaniformes;IUCN;DD;0;0
Aves;Pelecaniformes;IUCN;LC;29;30
Aves;Pelecaniformes;IUCN;NT;1;1
Aves;Pelecaniformes;IUCN;VU;1;0
Aves;Pelecaniformes;IUCN;EN;2;0
Aves;Pelecaniformes;IUCN;CR;1;0
Aves;Pelecaniformes;MMA;DD;0;0
Aves;Pelecaniformes;MMA;LC;28;27
Aves;Pelecaniformes;MMA;NT;1;0
Aves;Pelecaniformes;MMA;VU;2;1
Aves;Pelecaniformes;MMA;EN;1;0
Aves;Pelecaniformes;MMA;CR;1;0
Aves;Phaethontiformes;ICMBIO;DD;0;0
Aves;Phaethontiformes;ICMBIO;LC;2;0
Aves;Phaethontiformes;ICMBIO;NT;0;0
Aves;Phaethontiformes;ICMBIO;VU;0;0
Aves;Phaethontiformes;ICMBIO;EN;0;2
Aves;Phaethontiformes;ICMBIO;CR;0;0
Aves;Phaethontiformes;IUCN;DD;0;0
Aves;Phaethontiformes;IUCN;LC;3;3
Aves;Phaethontiformes;IUCN;NT;0;0
Aves;Phaethontiformes;IUCN;VU;0;0
Aves;Phaethontiformes;IUCN;EN;0;0
Aves;Phaethontiformes;IUCN;CR;0;0
Aves;Phaethontiformes;MMA;DD;0;0
Aves;Phaethontiformes;MMA;LC;3;0
Aves;Phaethontiformes;MMA;NT;0;0
Aves;Phaethontiformes;MMA;VU;0;0
Aves;Phaethontiformes;MMA;EN;0;2
Aves;Phaethontiformes;MMA;CR;0;0
Aves;Phoenicopteriformes;ICMBIO;DD;0;1
Aves;Phoenicopteriformes;ICMBIO;LC;3;0
Aves;Phoenicopteriformes;ICMBIO;NT;0;0
Aves;Phoenicopteriformes;ICMBIO;VU;0;0
Aves;Phoenicopteriformes;ICMBIO;EN;0;0
Aves;Phoenicopteriformes;ICMBIO;CR;0;0
Aves;Phoenicopteriformes;IUCN;DD;0;0
Aves;Phoenicopteriformes;IUCN;LC;3;1
Aves;Phoenicopteriformes;IUCN;NT;0;1
Aves;Phoenicopteriformes;IUCN;VU;0;1
Aves;Phoenicopteriformes;IUCN;EN;0;0
Aves;Phoenicopteriformes;IUCN;CR;0;0
Aves;Phoenicopteriformes;MMA;DD;0;0
Aves;Phoenicopteriformes;MMA;LC;3;0
Aves;Phoenicopteriformes;MMA;NT;0;0
Aves;Phoenicopteriformes;MMA;VU;0;0
Aves;Phoenicopteriformes;MMA;EN;0;0
Aves;Phoenicopteriformes;MMA;CR;0;0
Aves;Piciformes;ICMBIO;DD;2;1
Aves;Piciformes;ICMBIO;LC;70;77
Aves;Piciformes;ICMBIO;NT;3;3
Aves;Piciformes;ICMBIO;VU;5;4
Aves;Piciformes;ICMBIO;EN;3;6
Aves;Piciformes;ICMBIO;CR;2;1
Aves;Piciformes;IUCN;DD;0;0
Aves;Piciformes;IUCN;LC;74;115
Aves;Piciformes;IUCN;NT;2;10
Aves;Piciformes;IUCN;VU;4;4
Aves;Piciformes;IUCN;EN;6;1
Aves;Piciformes;IUCN;CR;2;0
Aves;Piciformes;MMA;DD;1;1
Aves;Piciformes;MMA;LC;72;79
Aves;Piciformes;MMA;NT;2;2
Aves;Piciformes;MMA;VU;6;5
Aves;Piciformes;MMA;EN;4;3
Aves;Piciformes;MMA;CR;2;1
Aves;Podicipediformes;ICMBIO;DD;0;0
Aves;Podicipediformes;ICMBIO;LC;4;4
Aves;Podicipediformes;ICMBIO;NT;0;0
Aves;Podicipediformes;ICMBIO;VU;0;0
Aves;Podicipediformes;ICMBIO;EN;0;0
Aves;Podicipediformes;ICMBIO;CR;0;0
Aves;Podicipediformes;IUCN;DD;0;0
Aves;Podicipediformes;IUCN;LC;4;4
Aves;Podicipediformes;IUCN;NT;0;0
Aves;Podicipediformes;IUCN;VU;0;0
Aves;Podicipediformes;IUCN;EN;0;0
Aves;Podicipediformes;IUCN;CR;0;0
Aves;Podicipediformes;MMA;DD;0;0
Aves;Podicipediformes;MMA;LC;4;4
Aves;Podicipediformes;MMA;NT;0;0
Aves;Podicipediformes;MMA;VU;0;0
Aves;Podicipediformes;MMA;EN;0;0
Aves;Podicipediformes;MMA;CR;0;0
Aves;Procellariiformes;ICMBIO;DD;1;0
Aves;Procellariiformes;ICMBIO;LC;37;14
Aves;Procellariiformes;ICMBIO;NT;2;2
Aves;Procellariiformes;ICMBIO;VU;3;3
Aves;Procellariiformes;ICMBIO;EN;2;4
Aves;Procellariiformes;ICMBIO;CR;1;5
Aves;Procellariiformes;IUCN;DD;0;0
Aves;Procellariiformes;IUCN;LC;39;24
Aves;Procellariiformes;IUCN;NT;1;6
Aves;Procellariiformes;IUCN;VU;2;7
Aves;Procellariiformes;IUCN;EN;3;5
Aves;Procellariiformes;IUCN;CR;1;1
Aves;Procellariiformes;MMA;DD;0;1
Aves;Procellariiformes;MMA;LC;38;15
Aves;Procellariiformes;MMA;NT;1;2
Aves;Procellariiformes;MMA;VU;3;4
Aves;Procellariiformes;MMA;EN;2;4
Aves;Procellariiformes;MMA;CR;1;4
Aves;Psittaciformes;ICMBIO;DD;2;0
Aves;Psittaciformes;ICMBIO;LC;71;61
Aves;Psittaciformes;ICMBIO;NT;3;9
Aves;Psittaciformes;ICMBIO;VU;6;12
Aves;Psittaciformes;ICMBIO;EN;3;4
Aves;Psittaciformes;ICMBIO;CR;2;1
Aves;Psittaciformes;IUCN;DD;0;0
Aves;Psittaciformes;IUCN;LC;75;62
Aves;Psittaciformes;IUCN;NT;2;8
Aves;Psittaciformes;IUCN;VU;4;11
Aves;Psittaciformes;IUCN;EN;6;5
Aves;Psittaciformes;IUCN;CR;2;1
Aves;Psittaciformes;MMA;DD;1;2
Aves;Psittaciformes;MMA;LC;73;59
Aves;Psittaciformes;MMA;NT;2;4
Aves;Psittaciformes;MMA;VU;6;16
Aves;Psittaciformes;MMA;EN;4;4
Aves;Psittaciformes;MMA;CR;2;1
Aves;Rheiformes;ICMBIO;DD;0;0
Aves;Rheiformes;ICMBIO;LC;1;1
Aves;Rheiformes;ICMBIO;NT;0;0
Aves;Rheiformes;ICMBIO;VU;0;0
Aves;Rheiformes;ICMBIO;EN;0;0
Aves;Rheiformes;ICMBIO;CR;0;0
Aves;Rheiformes;IUCN;DD;0;0
Aves;Rheiformes;IUCN;LC;1;0
Aves;Rheiformes;IUCN;NT;0;1
Aves;Rheiformes;IUCN;VU;0;0
Aves;Rheiformes;IUCN;EN;0;0
Aves;Rheiformes;IUCN;CR;0;0
Aves;Rheiformes;MMA;DD;0;0
Aves;Rheiformes;MMA;LC;1;1
Aves;Rheiformes;MMA;NT;0;0
Aves;Rheiformes;MMA;VU;0;0
Aves;Rheiformes;MMA;EN;0;0
Aves;Rheiformes;MMA;CR;0;0
Aves;Sphenisciformes;ICMBIO;DD;0;0
Aves;Sphenisciformes;ICMBIO;LC;3;0
Aves;Sphenisciformes;ICMBIO;NT;0;1
Aves;Sphenisciformes;ICMBIO;VU;0;0
Aves;Sphenisciformes;ICMBIO;EN;0;0
Aves;Sphenisciformes;ICMBIO;CR;0;0
Aves;Sphenisciformes;IUCN;DD;0;0
Aves;Sphenisciformes;IUCN;LC;3;2
Aves;Sphenisciformes;IUCN;NT;0;0
Aves;Sphenisciformes;IUCN;VU;0;1
Aves;Sphenisciformes;IUCN;EN;0;0
Aves;Sphenisciformes;IUCN;CR;0;0
Aves;Sphenisciformes;MMA;DD;0;0
Aves;Sphenisciformes;MMA;LC;3;0
Aves;Sphenisciformes;MMA;NT;0;1
Aves;Sphenisciformes;MMA;VU;0;0
Aves;Sphenisciformes;MMA;EN;0;0
Aves;Sphenisciformes;MMA;CR;0;0
Aves;Steatornithiformes;ICMBIO;DD;0;0
Aves;Steatornithiformes;ICMBIO;LC;1;1
Aves;Steatornithiformes;ICMBIO;NT;0;0
Aves;Steatornithiformes;ICMBIO;VU;0;0
Aves;Steatornithiformes;ICMBIO;EN;0;0
Aves;Steatornithiformes;ICMBIO;CR;0;0
Aves;Steatornithiformes;IUCN;DD;0;0
Aves;Steatornithiformes;IUCN;LC;1;21
Aves;Steatornithiformes;IUCN;NT;0;0
Aves;Steatornithiformes;IUCN;VU;0;0
Aves;Steatornithiformes;IUCN;EN;0;0
Aves;Steatornithiformes;IUCN;CR;0;1
Aves;Steatornithiformes;MMA;DD;0;0
Aves;Steatornithiformes;MMA;LC;1;1
Aves;Steatornithiformes;MMA;NT;0;0
Aves;Steatornithiformes;MMA;VU;0;0
Aves;Steatornithiformes;MMA;EN;0;0
Aves;Steatornithiformes;MMA;CR;0;0
Aves;Strigiformes;ICMBIO;DD;1;0
Aves;Strigiformes;ICMBIO;LC;21;22
Aves;Strigiformes;ICMBIO;NT;1;0
Aves;Strigiformes;ICMBIO;VU;2;2
Aves;Strigiformes;ICMBIO;EN;1;0
Aves;Strigiformes;ICMBIO;CR;1;0
Aves;Strigiformes;IUCN;DD;0;0
Aves;Strigiformes;IUCN;LC;22;9
Aves;Strigiformes;IUCN;NT;0;0
Aves;Strigiformes;IUCN;VU;1;1
Aves;Strigiformes;IUCN;EN;2;1
Aves;Strigiformes;IUCN;CR;0;0
Aves;Strigiformes;MMA;DD;0;0
Aves;Strigiformes;MMA;LC;22;24
Aves;Strigiformes;MMA;NT;1;0
Aves;Strigiformes;MMA;VU;2;0
Aves;Strigiformes;MMA;EN;1;0
Aves;Strigiformes;MMA;CR;0;1
Aves;Suliformes;ICMBIO;DD;0;0
Aves;Suliformes;ICMBIO;LC;10;5
Aves;Suliformes;ICMBIO;NT;0;0
Aves;Suliformes;ICMBIO;VU;1;0
Aves;Suliformes;ICMBIO;EN;0;1
Aves;Suliformes;ICMBIO;CR;0;2
Aves;Suliformes;IUCN;DD;0;0
Aves;Suliformes;IUCN;LC;10;17
Aves;Suliformes;IUCN;NT;0;3
Aves;Suliformes;IUCN;VU;1;2
Aves;Suliformes;IUCN;EN;1;1
Aves;Suliformes;IUCN;CR;0;0
Aves;Suliformes;MMA;DD;0;0
Aves;Suliformes;MMA;LC;10;5
Aves;Suliformes;MMA;NT;0;0
Aves;Suliformes;MMA;VU;1;0
Aves;Suliformes;MMA;EN;0;1
Aves;Suliformes;MMA;CR;0;2
Aves;Tinamiformes;ICMBIO;DD;1;0
Aves;Tinamiformes;ICMBIO;LC;20;17
Aves;Tinamiformes;ICMBIO;NT;1;3
Aves;Tinamiformes;ICMBIO;VU;2;3
Aves;Tinamiformes;ICMBIO;EN;1;2
Aves;Tinamiformes;ICMBIO;CR;1;0
Aves;Tinamiformes;IUCN;DD;0;0
Aves;Tinamiformes;IUCN;LC;21;10
Aves;Tinamiformes;IUCN;NT;0;0
Aves;Tinamiformes;IUCN;VU;1;0
Aves;Tinamiformes;IUCN;EN;2;0
Aves;Tinamiformes;IUCN;CR;0;0
Aves;Tinamiformes;MMA;DD;0;0
Aves;Tinamiformes;MMA;LC;20;19
Aves;Tinamiformes;MMA;NT;1;1
Aves;Tinamiformes;MMA;VU;2;2
Aves;Tinamiformes;MMA;EN;1;2
Aves;Tinamiformes;MMA;CR;0;0
Aves;Trogoniformes;ICMBIO;DD;0;0
Aves;Trogoniformes;ICMBIO;LC;10;10
Aves;Trogoniformes;ICMBIO;NT;0;0
Aves;Trogoniformes;ICMBIO;VU;1;0
Aves;Trogoniformes;ICMBIO;EN;0;1
Aves;Trogoniformes;ICMBIO;CR;0;0
Aves;Trogoniformes;IUCN;DD;0;0
Aves;Trogoniformes;IUCN;LC;10;0
Aves;Trogoniformes;IUCN;NT;0;0
Aves;Trogoniformes;IUCN;VU;1;0
Aves;Trogoniformes;IUCN;EN;1;0
Aves;Trogoniformes;IUCN;CR;0;0
Aves;Trogoniformes;MMA;DD;0;0
Aves;Trogoniformes;MMA;LC;10;11
Aves;Trogoniformes;MMA;NT;0;0
Aves;Trogoniformes;MMA;VU;1;0
Aves;Trogoniformes;MMA;EN;0;1
Aves;Trogoniformes;MMA;CR;0;0
Mammalia;Artiodactyla;ICMBIO;DD;9;11
Mammalia;Artiodactyla;ICMBIO;LC;39;16
Mammalia;Artiodactyla;ICMBIO;NT;2;2
Mammalia;Artiodactyla;ICMBIO;VU;5;8
Mammalia;Artiodactyla;ICMBIO;EN;4;4
Mammalia;Artiodactyla;ICMBIO;CR;1;2
Mammalia;Artiodactyla;IUCN;DD;7;5
Mammalia;Artiodactyla;IUCN;LC;41;37
Mammalia;Artiodactyla;IUCN;NT;3;5
Mammalia;Artiodactyla;IUCN;VU;4;8
Mammalia;Artiodactyla;IUCN;EN;3;4
Mammalia;Artiodactyla;IUCN;CR;1;0
Mammalia;Artiodactyla;MMA;DD;3;14
Mammalia;Artiodactyla;MMA;LC;46;18
Mammalia;Artiodactyla;MMA;NT;3;3
Mammalia;Artiodactyla;MMA;VU;4;7
Mammalia;Artiodactyla;MMA;EN;3;5
Mammalia;Artiodactyla;MMA;CR;1;2
Mammalia;Carnivora;ICMBIO;DD;6;2
Mammalia;Carnivora;ICMBIO;LC;24;13
Mammalia;Carnivora;ICMBIO;NT;1;1
Mammalia;Carnivora;ICMBIO;VU;3;12
Mammalia;Carnivora;ICMBIO;EN;2;1
Mammalia;Carnivora;ICMBIO;CR;1;0
Mammalia;Carnivora;IUCN;DD;5;0
Mammalia;Carnivora;IUCN;LC;25;24
Mammalia;Carnivora;IUCN;NT;2;8
Mammalia;Carnivora;IUCN;VU;3;2
Mammalia;Carnivora;IUCN;EN;2;1
Mammalia;Carnivora;IUCN;CR;1;0
Mammalia;Carnivora;MMA;DD;2;0
Mammalia;Carnivora;MMA;LC;28;15
Mammalia;Carnivora;MMA;NT;2;1
Mammalia;Carnivora;MMA;VU;2;10
Mammalia;Carnivora;MMA;EN;2;1
Mammalia;Carnivora;MMA;CR;1;0
Mammalia;Chiroptera;ICMBIO;DD;29;42
Mammalia;Chiroptera;ICMBIO;LC;120;124
Mammalia;Chiroptera;ICMBIO;NT;6;1
Mammalia;Chiroptera;ICMBIO;VU;15;6
Mammalia;Chiroptera;ICMBIO;EN;11;1
Mammalia;Chiroptera;ICMBIO;CR;3;0
Mammalia;Chiroptera;IUCN;DD;23;33
Mammalia;Chiroptera;IUCN;LC;125;136
Mammalia;Chiroptera;IUCN;NT;9;4
Mammalia;Chiroptera;IUCN;VU;13;0
Mammalia;Chiroptera;IUCN;EN;9;2
Mammalia;Chiroptera;IUCN;CR;3;0
Mammalia;Chiroptera;MMA;DD;11;4
Mammalia;Chiroptera;MMA;LC;141;171
Mammalia;Chiroptera;MMA;NT;8;1
Mammalia;Chiroptera;MMA;VU;11;3
Mammalia;Chiroptera;MMA;EN;10;1
Mammalia;Chiroptera;MMA;CR;3;0
Mammalia;Cingulata;ICMBIO;DD;2;3
Mammalia;Cingulata;ICMBIO;LC;8;5
Mammalia;Cingulata;ICMBIO;NT;0;0
Mammalia;Cingulata;ICMBIO;VU;1;1
Mammalia;Cingulata;ICMBIO;EN;1;1
Mammalia;Cingulata;ICMBIO;CR;0;0
Mammalia;Cingulata;IUCN;DD;1;0
Mammalia;Cingulata;IUCN;LC;8;6
Mammalia;Cingulata;IUCN;NT;1;2
Mammalia;Cingulata;IUCN;VU;1;2
Mammalia;Cingulata;IUCN;EN;1;0
Mammalia;Cingulata;IUCN;CR;0;0
Mammalia;Cingulata;MMA;DD;1;0
Mammalia;Cingulata;MMA;LC;9;8
Mammalia;Cingulata;MMA;NT;1;1
Mammalia;Cingulata;MMA;VU;1;1
Mammalia;Cingulata;MMA;EN;1;1
Mammalia;Cingulata;MMA;CR;0;0
Mammalia;Didelphimorphia;ICMBIO;DD;11;9
Mammalia;Didelphimorphia;ICMBIO;LC;44;42
Mammalia;Didelphimorphia;ICMBIO;NT;2;2
Mammalia;Didelphimorphia;ICMBIO;VU;5;3
Mammalia;Didelphimorphia;ICMBIO;EN;4;1
Mammalia;Didelphimorphia;ICMBIO;CR;1;1
Mammalia;Didelphimorphia;IUCN;DD;8;4
Mammalia;Didelphimorphia;IUCN;LC;46;43
Mammalia;Didelphimorphia;IUCN;NT;3;2
Mammalia;Didelphimorphia;IUCN;VU;5;1
Mammalia;Didelphimorphia;IUCN;EN;3;0
Mammalia;Didelphimorphia;IUCN;CR;1;1
Mammalia;Didelphimorphia;MMA;DD;4;4
Mammalia;Didelphimorphia;MMA;LC;52;57
Mammalia;Didelphimorphia;MMA;NT;3;1
Mammalia;Didelphimorphia;MMA;VU;4;0
Mammalia;Didelphimorphia;MMA;EN;4;0
Mammalia;Didelphimorphia;MMA;CR;1;0
Mammalia;Lagomorpha;ICMBIO;DD;1;0
Mammalia;Lagomorpha;ICMBIO;LC;3;1
Mammalia;Lagomorpha;ICMBIO;NT;0;0
Mammalia;Lagomorpha;ICMBIO;VU;0;0
Mammalia;Lagomorpha;ICMBIO;EN;0;0
Mammalia;Lagomorpha;ICMBIO;CR;0;0
Mammalia;Lagomorpha;IUCN;DD;0;0
Mammalia;Lagomorpha;IUCN;LC;3;1
Mammalia;Lagomorpha;IUCN;NT;0;0
Mammalia;Lagomorpha;IUCN;VU;0;1
Mammalia;Lagomorpha;IUCN;EN;0;1
Mammalia;Lagomorpha;IUCN;CR;0;0
Mammalia;Lagomorpha;MMA;DD;0;1
Mammalia;Lagomorpha;MMA;LC;3;1
Mammalia;Lagomorpha;MMA;NT;0;1
Mammalia;Lagomorpha;MMA;VU;0;0
Mammalia;Lagomorpha;MMA;EN;0;0
Mammalia;Lagomorpha;MMA;CR;0;0
Mammalia;Perissodactyla;ICMBIO;DD;0;0
Mammalia;Perissodactyla;ICMBIO;LC;1;0
Mammalia;Perissodactyla;ICMBIO;NT;0;0
Mammalia;Perissodactyla;ICMBIO;VU;0;1
Mammalia;Perissodactyla;ICMBIO;EN;0;0
Mammalia;Perissodactyla;ICMBIO;CR;0;0
Mammalia;Perissodactyla;IUCN;DD;0;0
Mammalia;Perissodactyla;IUCN;LC;1;0
Mammalia;Perissodactyla;IUCN;NT;0;0
Mammalia;Perissodactyla;IUCN;VU;0;1
Mammalia;Perissodactyla;IUCN;EN;0;0
Mammalia;Perissodactyla;IUCN;CR;0;0
Mammalia;Perissodactyla;MMA;DD;0;0
Mammalia;Perissodactyla;MMA;LC;1;0
Mammalia;Perissodactyla;MMA;NT;0;0
Mammalia;Perissodactyla;MMA;VU;0;1
Mammalia;Perissodactyla;MMA;EN;0;0
Mammalia;Perissodactyla;MMA;CR;0;0
Mammalia;Pilosa;ICMBIO;DD;2;0
Mammalia;Pilosa;ICMBIO;LC;8;4
Mammalia;Pilosa;ICMBIO;NT;0;0
Mammalia;Pilosa;ICMBIO;VU;1;2
Mammalia;Pilosa;ICMBIO;EN;1;0
Mammalia;Pilosa;ICMBIO;CR;0;0
Mammalia;Pilosa;IUCN;DD;2;0
Mammalia;Pilosa;IUCN;LC;9;6
Mammalia;Pilosa;IUCN;NT;1;0
Mammalia;Pilosa;IUCN;VU;1;2
Mammalia;Pilosa;IUCN;EN;1;0
Mammalia;Pilosa;IUCN;CR;0;0
Mammalia;Pilosa;MMA;DD;1;0
Mammalia;Pilosa;MMA;LC;10;8
Mammalia;Pilosa;MMA;NT;1;1
Mammalia;Pilosa;MMA;VU;1;2
Mammalia;Pilosa;MMA;EN;1;0
Mammalia;Pilosa;MMA;CR;0;0
Mammalia;Primates;ICMBIO;DD;20;13
Mammalia;Primates;ICMBIO;LC;84;77
Mammalia;Primates;ICMBIO;NT;4;12
Mammalia;Primates;ICMBIO;VU;10;14
Mammalia;Primates;ICMBIO;EN;8;15
Mammalia;Primates;ICMBIO;CR;2;6
Mammalia;Primates;IUCN;DD;16;5
Mammalia;Primates;IUCN;LC;89;64
Mammalia;Primates;IUCN;NT;7;11
Mammalia;Primates;IUCN;VU;9;27
Mammalia;Primates;IUCN;EN;6;15
Mammalia;Primates;IUCN;CR;2;9
Mammalia;Primates;MMA;DD;8;2
Mammalia;Primates;MMA;LC;100;78
Mammalia;Primates;MMA;NT;6;10
Mammalia;Primates;MMA;VU;8;11
Mammalia;Primates;MMA;EN;7;13
Mammalia;Primates;MMA;CR;2;5
Mammalia;Rodentia;ICMBIO;DD;42;29
Mammalia;Rodentia;ICMBIO;LC;174;171
Mammalia;Rodentia;ICMBIO;NT;9;6
Mammalia;Rodentia;ICMBIO;VU;21;8
Mammalia;Rodentia;ICMBIO;EN;16;19
Mammalia;Rodentia;ICMBIO;CR;5;3
Mammalia;Rodentia;IUCN;DD;33;41
Mammalia;Rodentia;IUCN;LC;182;167
Mammalia;Rodentia;IUCN;NT;14;4
Mammalia;Rodentia;IUCN;VU;19;6
Mammalia;Rodentia;IUCN;EN;13;11
Mammalia;Rodentia;IUCN;CR;5;3
Mammalia;Rodentia;MMA;DD;15;17
Mammalia;Rodentia;MMA;LC;205;199
Mammalia;Rodentia;MMA;NT;12;13
Mammalia;Rodentia;MMA;VU;16;8
Mammalia;Rodentia;MMA;EN;15;19
Mammalia;Rodentia;MMA;CR;4;3
Mammalia;Sirenia;ICMBIO;DD;0;0
Mammalia;Sirenia;ICMBIO;LC;1;0
Mammalia;Sirenia;ICMBIO;NT;0;0
Mammalia;Sirenia;ICMBIO;VU;0;1
Mammalia;Sirenia;ICMBIO;EN;0;1
Mammalia;Sirenia;ICMBIO;CR;0;0
Mammalia;Sirenia;IUCN;DD;0;0
Mammalia;Sirenia;IUCN;LC;1;0
Mammalia;Sirenia;IUCN;NT;0;0
Mammalia;Sirenia;IUCN;VU;0;2
Mammalia;Sirenia;IUCN;EN;0;0
Mammalia;Sirenia;IUCN;CR;0;0
Mammalia;Sirenia;MMA;DD;0;0
Mammalia;Sirenia;MMA;LC;2;0
Mammalia;Sirenia;MMA;NT;0;0
Mammalia;Sirenia;MMA;VU;0;1
Mammalia;Sirenia;MMA;EN;0;1
Mammalia;Sirenia;MMA;CR;0;0
